{
    "name": "DataZcqaLocators",
    "description": "Open-source project - XPath and Data-zcqa Finder",
    "author": "RameshbabuPB",
    "version": "1.1",
    "manifest_version": 3,
    "icons": {
      "128": "assets/DataZcqaLocatorimgCurved.png"
    },
   
    "background": {
      "service_worker":"eventPage.js"
    },
    "permissions": [
      "contextMenus",
      "tabs",
      "notifications",
      "storage",
      "activeTab",
      "clipboardWrite",
      "clipboardRead"
      

    ],
    "host_permissions": [
      "<all_urls>"
    ],
    "content_scripts": [
      {
        "run_at": "document_start",
        "matches": [
          "<all_urls>"
        ],
         "js": [
          "app/src/content.js",
          "app/src/textXPath.js"
         ]
      }
    ],
    "devtools_page": "devtools.html"
  }